country,code
"Ascension Island","AC"
"Andorra","AD"
"United Arab Emirates","AE"
"UAE","AE"
"Afghanistan","AF"
"Antigua and Barbuda","AG"
"Anguilla","AI"
"Albania","AL"
"Armenia","AM"
"Angola","AO"
"Argentina","AR"
"American Samoa","AS"
"Austria","AT"
"Australia","AU"
"Aruba","AW"
"Åland Islands","AX"
"Aland Islands","AX"
"Azerbaijan","AZ"
"Bosnia and Herzegovina","BA"
"Bosnia","BA"
"Herzegovina","BA"
"Barbados","BB"
"Bangladesh","BD"
"Belgium","BE"
"Burkina Faso","BF"
"Bulgaria","BG"
"Bahrain","BH"
"Burundi","BI"
"Benin","BJ"
"Saint Barthélemy, French Antilles","BL"
"St Barthélemy, French Antilles","BL"
"Saint Barthélemy","BL"
"St Barthélemy","BL"
"Saint Barthelemy","BL"
"St Barthelemy","BL"
"Bermuda","BM"
"Brunei Darussalam","BN"
"Bolivia","BO"
"Bonaire, Sint Eustatius and Saba","BQ"
"Bonaire","BQ"
"Sint Eustatius","BQ"
"Saba","BQ"
"Brazil","BR"
"Bahamas","BS"
"Bhutan","BT"
"Botswana","BW"
"Belarus","BY"
"Belize","BZ"
"Canada","CA"
"Cocos Islands","CC"
"Congo, Dem. Rep. of the (formerly Zaire)","CD"
"Democratic Republic of the Congo","CD"
"Zaire","CD"
"Central African Republic","CF"
"Congo (Rep. of the) (Brazzaville)","CG"
"Republic of the Congo","CG"
"Brazzaville","CG"
"Switzerland","CH"
"Côte d'Ivoire","CI"
"Cote d'Ivoire","CI"
"Ivory Coast","CI"
"Cook Islands","CK"
"Chile","CL"
"Cameroon","CM"
"China","CN"
"Colombia","CO"
"Costa Rica","CR"
"Cuba","CU"
"Cape Verde","CV"
"Curaçao","CW"
"Curacao","CW"
"Christmas Islands","CX"
"Christmas Island","CX"
"Cyprus","CY"
"Czech Rep.","CZ"
"Czech Republic","CZ"
"Germany","DE"
"Djibouti","DJ"
"Denmark","DK"
"Dominica","DM"
"Dominican Rep.","DO"
"Dominican Republic","DO"
"Algeria","DZ"
"Ecuador","EC"
"Estonia","EE"
"Egypt","EG"
"Western Sahara","EH"
"Eritrea","ER"
"Spain","ES"
"Ethiopia","ET"
"Finland","FI"
"Fiji","FJ"
"Falkland Islands (Malvinas)","FK"
"Falkland Islands","FK"
"Malvinas","FK"
"Micronesia, Federated States of","FM"
"Micronesia","FM"
"Faroe Islands","FO"
"France","FR"
"Gabon","GA"
"United Kingdom","GB"
"Grenada","GD"
"Georgia","GE"
"French Guiana (French Dept. of)","GF"
"French Guiana","GF"
"Guernsey","GG"
"Ghana","GH"
"Gibraltar","GI"
"Greenland","GL"
"Gambia","GM"
"Guinea","GN"
"Guadeloupe","GP"
"Equatorial Guinea","GQ"
"Greece","GR"
"Guatemala","GT"
"Guam","GU"
"Guinea-Bissau","GW"
"Guyana","GY"
"Hong Kong","HK"
"Honduras","HN"
"Croatia","HR"
"Haiti","HT"
"Hungary","HU"
"Indonesia","ID"
"Ireland","IE"
"Israel","IL"
"Isle of Man","IM"
"India","IN"
"British Indian Ocean Territory / Diego Garcia","IO"
"British Indian Ocean Territory","IO"
"Diego Garcia","IO"
"Iraq","IQ"
"Iran, Islamic Republic of","IR"
"Iran","IR"
"Iceland","IS"
"Italy","IT"
"Jersey","JE"
"Jamaica","JM"
"Jordan","JO"
"Japan","JP"
"Kenya","KE"
"Kyrgyzstan","KG"
"Cambodia","KH"
"Kiribati","KI"
"Comoros","KM"
"Saint Kitts and Nevis","KN"
"St Kitts and Nevis","KN"
"Saint Kitts","KN"
"St Kitts","KN"
"Nevis","KN"
"Korea, Dem. People's Rep. of","KP"
"North Korea","KP"
"Korea (Rep. of)","KR"
"South Korea","KR"
"Kuwait","KW"
"Cayman Islands","KY"
"Kazakhstan","KZ"
"Lao People's Dem. Rep.","LA"
"Laos","LA"
"Lao","LA"
"Lebanon","LB"
"Saint Lucia","LC"
"St Lucia","LC"
"Liechtenstein","LI"
"Sri Lanka","LK"
"Liberia","LR"
"Lesotho","LS"
"Lithuania","LT"
"Luxembourg","LU"
"Latvia","LV"
"Libya (Soc. People's Libyan Arab Jamahiriya)","LY"
"Libya","LY"
"Morocco","MA"
"Monaco","MC"
"Moldova, Rep. of","MD"
"Moldova","MD"
"Montenegro","ME"
"Saint-Martin, French Antilles","MF"
"St-Martin, French Antilles","MF"
"Saint-Martin","MF"
"St-Martin","MF"
"Madagascar","MG"
"Marshall Islands","MH"
"Macedonia, Former Yugoslav Rep. of","MK"
"Macedonia","MK"
"Mali","ML"
"Myanmar","MM"
"Mongolia","MN"
"Macao, China","MO"
"Northern Mariana Islands","MP"
"Martinique (French Dept. of)","MQ"
"Martinique","MQ"
"Mauritania","MR"
"Montserrat","MS"
"Malta","MT"
"Mauritius","MU"
"Maldives","MV"
"Malawi","MW"
"Mexico","MX"
"Malaysia","MY"
"Mozambique","MZ"
"Namibia","NA"
"New Caledonia (Territoire français d'outre-mer)","NC"
"New Caledonia","NC"
"Niger","NE"
"Norfolk Island","NF"
"Nigeria","NG"
"Nicaragua","NI"
"Netherlands","NL"
"Norway","NO"
"Nepal","NP"
"Nauru","NR"
"Niue","NU"
"New Zealand","NZ"
"Oman","OM"
"Panama","PA"
"Peru","PE"
"French Polynesia (Tahiti) (Territoire français d'outre-mer)","PF"
"French Polynesia","PF"
"Tahiti","PF"
"Papua New Guinea","PG"
"Philippines","PH"
"Pakistan","PK"
"Poland","PL"
"Saint Pierre and Miquelon (Collectivité territoriale de la République française)","PM"
"St Pierre and Miquelon (Collectivité territoriale de la République française)","PM"
"Saint Pierre","PM"
"St Pierre","PM"
"Miquelon","PM"
"Puerto Rico","PR"
"Palestinian Authority","PS"
"Portugal","PT"
"Palau","PW"
"Paraguay","PY"
"Qatar","QA"
"Réunion (French Departments and Territories in the Indian Ocean)","RE"
"Réunion","RE"
"Reunion","RE"
"Romania","RO"
"Serbia","RS"
"Russian Federation","RU"
"Russia","RU"
"Rwanda","RW"
"Saudi Arabia","SA"
"Solomon Islands","SB"
"Seychelles","SC"
"Sudan","SD"
"Sweden","SE"
"Singapore","SG"
"Saint Helena","SH"
"St Helena","SH"
"Slovenia","SI"
"Svalbard","SJ"
"Slovakia","SK"
"Sierra Leone","SL"
"San Marino","SM"
"Senegal","SN"
"Somalia","SO"
"Suriname","SR"
"South Sudan","SS"
"Sao Tome and Principe","ST"
"Sao Tome","ST"
"Principe","ST"
"El Salvador","SV"
"Sint Maarten","SX"
"Syrian Arab Republic","SY"
"Syria","SY"
"Swaziland","SZ"
"Tristan da Cunha","TA"
"Turks and Caicos Islands","TC"
"Caicos Islands","TC"
"Chad","TD"
"Togo","TG"
"Thailand","TH"
"Tajikistan","TJ"
"Tokelau","TK"
"Timor-Leste (East Timor)","TL"
"Timor-Leste","TL"
"East Timor","TL"
"Turkmenistan","TM"
"Tunisia","TN"
"Tonga","TO"
"Turkey","TR"
"Trinidad and Tobago","TT"
"Trinidad","TT"
"Tobago","TT"
"Tuvalu","TV"
"Taiwan, China","TW"
"Taiwan","TW"
"Tanzania","TZ"
"Ukraine","UA"
"Uganda","UG"
"United States","US"
"United States of America","US"
"US","US"
"USA","US"
"Uruguay","UY"
"Uzbekistan","UZ"
"Vatican City","VA"
"Saint Vincent and the Grenadines","VC"
"St Vincent and the Grenadines","VC"
"Saint Vincent","VC"
"St Vincent","VC"
"Grenadines","VC"
"Venezuela","VE"
"Virgin Islands, British","VG"
"British Virgin Islands","VG"
"Virgin Islands, United States","VI"
"United States Virgin Islands","VI"
"Viet Nam (Vietnam)","VN"
"Vietnam","VN"
"Vanuatu","VU"
"Wallis and Futuna (Territoire français d'outre-mer)","WF"
"Wallis","WF"
"Futuna","WF"
"Samoa","WS"
"Yemen","YE"
"Mayotte","YT"
"South Africa","ZA"
"Zambia","ZM"
"Zimbabwe","ZW"
